<?xml version="1.0" encoding="UTF-8"?>
<project-private xmlns="http://www.netbeans.org/ns/project-private/1">
    <editor-bookmarks xmlns="http://www.netbeans.org/ns/editor-bookmarks/2" lastBookmarkId="0"/>
    <open-files xmlns="http://www.netbeans.org/ns/projectui-open-files/2">
        <group>
            <file>file:/Users/baljotmalhi/Desktop/NetBeansProjects/WebProject_CS3520/web/Welcome.jsp</file>
            <file>file:/Users/baljotmalhi/Desktop/NetBeansProjects/WebProject_CS3520/src/java/DBUclass.java</file>
            <file>file:/Users/baljotmalhi/Desktop/NetBeansProjects/WebProject_CS3520/src/java/LoginAuth.java</file>
        </group>
    </open-files>
</project-private>
